emoji,hexcode,group,subgroups,annotation,tags,openmoji_tags,openmoji_author,openmoji_date,skintone,skintone_combination,skintone_base_emoji,skintone_base_hexcode,unicode,order
^_^,,kaomoji,face-smiling,smiling,"kaomoji, smile",,,,,,,,,1
(≧ᗜ≦),,kaomoji,face-smiling,grinning squinting,"kaomoji, laugh, mouth, open, smile, excited",,,,,,,,,2
☆:.｡. o(≧▽≦)o .｡.:☆,,kaomoji,face-smiling,excited grinning squinting,"kaomoji, large, laugh, mouth, satisfied, smile, excited, awesome",,,,,,,,,3
(˶ᵔ ᵕ ᵔ˶),,kaomoji,face-smiling,calm happy,"kaomoji, happy, smile, blush",,,,,,,,,4
( ˶ˆᗜˆ˵ ),,kaomoji,face-smiling,grinning face smiling eyes,"kaomoji, eye, face, mouth, open, smile",,,,,,,,,5
(´ ∀ ` *),,kaomoji,face-smiling,lifes good,kaomoji,,,,,,,,,6
(─‿‿─),,kaomoji,face-smiling,konata face,kaomoji,,,,,,,,,7
(„• ᴗ •„),,kaomoji,face-smiling,,kaomoji,,,,,,,,,8
＼(＾▽＾)／,,kaomoji,face-smiling,long time no see,kaomoji,,,,,,,,,9
o(>ω<)o,,kaomoji,face-smiling,awesome happy,kaomoji,,,,,,,,,10
(✯◡✯),,kaomoji,face-smiling,star eyed,kaomoji,,,,,,,,,11
o( ˶^▾^˶ )o,,kaomoji,face-smiling,,kaomoji,,,,,,,,,12
(/◕ヮ◕)/,,kaomoji,face-smiling,,kaomoji,,,,,,,,,13
⸜(｡˃ ᵕ ˂ )⸝♡,,kaomoji,face-smiling,,kaomoji,,,,,,,,,14
\(^ω^\ ),,kaomoji,face-smiling,,kaomoji,,,,,,,,,15
(｡•̀ᴗ-)✧,,kaomoji,face-smiling,winking,"kaomoji, wink, smile",,,,,,,,,16
( • ᴗ - ) ✧,,kaomoji,face-smiling,happy winking,"kaomoji, wink, smile",,,,,,,,,17
ദ്ദി(˵ •̀ ᴗ - ˵ ) ✧,,kaomoji,face-smiling,thumbs up and wink,"kaomoji, wink, smile, thumb, up",,,,,,,,,18
ദ്ദി(ᵔᗜᵔ),,kaomoji,face-smiling,thumbs up happy,"kaomoji, smile, grin, mouth, open, thumb, up",,,,,,,,,19
( ദ്ദി ˙ᗜ˙ ),,kaomoji,face-smiling,thumbs up nice,"kaomoji, smile, mouth, open, thumb, up",,,,,,,,,21
(☞ﾟヮﾟ)☞,,kaomoji,face-smiling,happy pointing,kaomoji,,,,,,,,,22
(^o^)丿,,kaomoji,face-smiling,happy waving,kaomoji,,,,,,,,,23
(￣▽￣)ノ,,kaomoji,face-smiling,hey there,kaomoji,,,,,,,,,24
ᕙ(⇀‸↼‶)ᕗ,,kaomoji,face-smiling,strong,kaomoji,,,,,,,,,25
ᕕ( ᐛ ) ᕗ,,kaomoji,face-smiling,happy gary,"kaomoji, smile, walk, run",,,,,,,,,26
( ~˘▾˘)~,,kaomoji,face-smiling,smooth dance,"kaomoji, smile, dance",,,,,,,,,27
( ˘ ͜ʖ ˘),,kaomoji,face-smiling,satisfied lenny,"kaomoji, smug",,,,,,,,,28
(´ ꒳` ),,kaomoji,face-smiling,,"kaomoji, smug",,,,,,,,,29
•̀.̫ •́✧,,kaomoji,face-smiling,just as planned,"kaomoji, smug, shing",,,,,,,,,30
<(￣︶￣)>,,kaomoji,face-smiling,told you so,"kaomoji, smug",,,,,,,,,31
( ＾◡＾)っ ♡,,kaomoji,face-affection,have a heart,kaomoji,,,,,,,,,32
( >ω<)♡(>ω< ✿),,kaomoji,face-affection,cute love,"kaomoji, large",,,,,,,,,33
( ˶˘ ³˘(⋆❛ ہ ❛⋆)!♡,,kaomoji,face-affection,surprise kiss,"kaomoji, large",,,,,,,,,34
(ㅅ´ ˘ `)♡,,kaomoji,face-affection,,kaomoji,,,,,,,,,35
( ♡ᗜ♡),,kaomoji,face-affection,,kaomoji,,,,,,,,,36
ヽ(♡‿♡)ノ,,kaomoji,face-affection,,kaomoji,,,,,,,,,37
（〃・・〃）,,kaomoji,face-affection,,kaomoji,,,,,,,,,38
( ◠‿◠✿),,kaomoji,face-affection,,kaomoji,,,,,,,,,39
✧( ु•⌄• )◞◟( •⌄• ू )✧,,kaomoji,face-affection,,"kaomoji, large",,,,,,,,,40
（＾3＾）～♡,,kaomoji,face-affection,,kaomoji,,,,,,,,,41
ෆ(˃͈ દ ˂͈ ),,kaomoji,face-affection,,kaomoji,,,,,,,,,42
( づ￣ ³￣ )づ,,kaomoji,face-affection,,kaomoji,,,,,,,,,43
(＃`Д´),,kaomoji,face-negative,,kaomoji,,,,,,,,,44
ヽ( `д´*)ノ,,kaomoji,face-negative,,kaomoji,,,,,,,,,46
<(ꐦㅍ _ㅍ)>,,kaomoji,face-negative,,kaomoji,,,,,,,,,47
(  •̀ - •́  ),,kaomoji,face-negative,,kaomoji,,,,,,,,,48
٩(ఠ益ఠ)۶,,kaomoji,face-negative,,kaomoji,,,,,,,,,49
(ﾉಥ益ಥ)ﾉ,,kaomoji,face-negative,,kaomoji,,,,,,,,,50
٩(╬ʘ益ʘ╬)۶,,kaomoji,face-negative,,kaomoji,,,,,,,,,51
ψ( ` ∇ ´ )ψ,,kaomoji,face-negative,,kaomoji,,,,,,,,,52
(╯°□°）╯︵ ┻━┻,,kaomoji,face-negative,flipping tables,"kaomoji, large",,,,,,,,,53
┻━┻︵ヽ(`Д´)ﾉ︵ ┻━┻,,kaomoji,face-negative,flip all the tables,"kaomoji, large",,,,,,,,,55
ᗜԅ(⇀︿⇀)ᓄ-¤]═────,,kaomoji,face-negative,fighting with sword and shield,"kaomoji, large",,,,,,,,,57
(╥_╥),,kaomoji,face-concerned,crying face,kaomoji,,,,,,,,,58
(╥﹏╥),,kaomoji,face-concerned,crying face,"kaomoji, cry, face, sad, tear",,,,,,,,,59
(╥ᆺ╥；),,kaomoji,face-concerned,,kaomoji,,,,,,,,,60
(－‸ლ),,kaomoji,face-concerned,face palm,kaomoji,,,,,,,,,61
( ˃̣̣̥⌓˂̣̣̥),,kaomoji,face-concerned,,kaomoji,,,,,,,,,62
( ཀ ʖ̯ ཀ),,kaomoji,face-concerned,crying lenny face,kaomoji,,,,,,,,,63
( ・⌓・｀),,kaomoji,face-concerned,concerned face,kaomoji,,,,,,,,,64
(ुŏ̥̥̥̥ ‸ ŏ̥̥̥̥) ु,,kaomoji,face-concerned,,kaomoji,,,,,,,,,65
*ಥ_ಥ*,,kaomoji,face-concerned,,kaomoji,,,,,,,,,66
（◞‸◟）,,kaomoji,face-concerned,,kaomoji,,,,,,,,,67
(°△°),,kaomoji,face-concerned,,kaomoji,,,,,,,,,68
( ˶°ㅁ°) !!,,kaomoji,face-concerned,cute shocked,kaomoji,,,,,,,,,69
∑d(°∀°d),,kaomoji,face-concerned,,kaomoji,,,,,,,,,70
(O_O)!,,kaomoji,face-concerned,,kaomoji,,,,,,,,,71
∘ ∘ ∘ ( °ヮ° ) ?,,kaomoji,face-concerned,what,"kaomoji, large",,,,,,,,,72
ヽ(O_O )ﾉ,,kaomoji,face-concerned,,kaomoji,,,,,,,,,73
( ⊙‿⊙),,kaomoji,face-concerned,,kaomoji,,,,,,,,,74
(⊙.☉),,kaomoji,face-concerned,,kaomoji,,,,,,,,,75
( ☉_☉),,kaomoji,face-concerned,,kaomoji,,,,,,,,,76
(´╹o╹` ),,kaomoji,face-concerned,,kaomoji,,,,,,,,,77
O_o,,kaomoji,face-concerned,,kaomoji,,,,,,,,,78
( ͡o ͜ʖ ͡o),,kaomoji,face-concerned,surprised lenny,kaomoji,,,,,,,,,79
Σ(ﾟﾛﾟ),,kaomoji,face-concerned,,kaomoji,,,,,,,,,80
(⊙⊙)(☉_☉)(⊙⊙),,kaomoji,face-concerned,surprised group,"kaomoji, large",,,,,,,,,81
（　ﾟДﾟ）,,kaomoji,face-concerned,,kaomoji,,,,,,,,,82
('-_-),,kaomoji,face-concerned,is that alright,kaomoji,,,,,,,,,83
(っ- ‸ - ς),,kaomoji,face-concerned,not fat,kaomoji,,,,,,,,,85
ε-(´・｀) ﾌ,,kaomoji,face-concerned,phew,kaomoji,,,,,,,,,86
ε=ε=┌( >_<)┘,,kaomoji,face-concerned,im outta here,"kaomoji, large, run",,,,,,,,,87
( ͠° ͟ʖ ͡° ),,kaomoji,face-neutral-skeptical,skeptical lenny,kaomoji,,,,,,,,,88
(≖_≖ ),,kaomoji,face-neutral-skeptical,suspicious face,kaomoji,,,,,,,,,89
(¬_¬),,kaomoji,face-neutral-skeptical,sideglance,kaomoji,,,,,,,,,90
(ー_ーゞ,,kaomoji,face-neutral-skeptical,scratching head,"kaomoji, think",,,,,,,,,91
(・_・)ノ,,kaomoji,face-neutral-skeptical,waving neutral face,kaomoji,,,,,,,,,92
(´• ω •`)ﾉ,,kaomoji,face-neutral-skeptical,waving neutral understanding face,kaomoji,,,,,,,,,93
ε=┌( ･_･)┘,,kaomoji,face-neutral-skeptical,gotta go,"kaomoji, large, run",,,,,,,,,94
ヾ(-_- )ゞ,,kaomoji,face-neutral-skeptical,neutral dance,"kaomoji, dance",,,,,,,,,95
o(_ _)o,,kaomoji,face-neutral-skeptical,bowing,"kaomoji, bow, thankful",,,,,,,,,96
┐(´•_•`)┌,,kaomoji,face-neutral-skeptical,I dunno,"kaomoji, shrug",,,,,,,,,97
¯\_(ツ)_/¯,,kaomoji,face-neutral-skeptical,shrug,"kaomoji, shrug",,,,,,,,,98
┐( ˘_˘)┌,,kaomoji,face-neutral-skeptical,dont care,"kaomoji, shrug",,,,,,,,,99
┐(￣ー￣)┌,,kaomoji,face-neutral-skeptical,ok dude,"kaomoji, shrug",,,,,,,,,100
(⌐■_■),,kaomoji,face-glasses,sunglasses,kaomoji,,,,,,,,,101
(╭ರ_ ⊙ ),,kaomoji,face-glasses,gentleman,kaomoji,,,,,,,,,102
(－.－)...zzz,,kaomoji,face-sleepy,sleeping,"kaomoji, large",,,,,,,,,103
(_ _)。゜zｚＺ,,kaomoji,face-sleepy,sleeping deep,"kaomoji, large",,,,,,,,,104
( ͡° ͜ʖ ͡°),,kaomoji,,lenny face,kaomoji,,,,,,,,,105
(ｏ・_・)ノ”(ノ_-、),,kaomoji,,its alright,"kaomoji, large",,,,,,,,,106
₍ᵔ.˛.ᵔ₎,,kaomoji,animal,bear kaomoji,kaomoji,,,,,,,,,107
₍ᐢ. ̫ .ᐢ₎,,kaomoji,animal,bunny kaomoji,kaomoji,,,,,,,,,108
ฅ^•ﻌ•^ฅ,,kaomoji,animal,dog kaomoji,kaomoji,,,,,,,,,109
ʕ •ᴥ• ʔ,,kaomoji,animal,another bear kaomoji,kaomoji,,,,,,,,,110
